aminematue,29341
kamet0,17196
zerator,13576
sardoche,11910
mialymusic,10390
teuf,9519
wankilstudio,9302
1pvcs,9115
solaryfortnite,8715
jolavanille,7273
idreau_,6083
bichouu_,4911
etoiles,4523
shisheyu_mayamoto,4522
dvm_medja,4401
jbzzed,4275
angledroit,3468
anas_off,3175
camak,2994
jeanpormanove,2925
traytonlol,2862
solaryhs,2545
crocodyle_lol,2355
sebjdg,2087
redemption,1874
terracid,1817
melchior,1776
narutovie_,1747
otplol_,1678
koumoo,1656
phyzikk,1645
syriano,1609
lapi,1605
ipromx,1598
valleague_fr,1552
rocketbaguette,1521
solary,1510
manuelferraratv,1427
magarky,1352
revenja_,1337
mrbboy45,1181
drakony,1156
loopooyt,1137
fugu_fps,1123
fekah_,1099
blazx,1086
pressea,1069
epsylone,1057
emxxrrr,1042
dealjb,1022
drfeelgood,1005
mehdochelive,992
bibixhd,965
moman,909
twiks,856
sapeuh,827
boblegob,819
jimmyboyyy,766
aenot,736
mathieu__sommet,731
safinee,726
pollynette,700
marco,697
amslowtw,682
scoksc2,677
sohoven,662
kennylefou,651
styrostv,643
gautoz,624
kswinniie,611
swipic,602
nardc0,586
nobuspartan,562
siphano,554
cocottee_,542
tipstevens,540
kelrasoftv,533
punkill,513
roroowtv,512
thebenbig,492
nozadah,471
neonyu,463
nino_mssclick,459
forsa,451
canardpc,443
marinelord,440
lasainte,439
xewer,437
lu_k,431
pirastack,428
elchiki_coc,419
iamcrvor,406
pyrootv,405
flashinho_,399
triplaxion,399
jladz,391
remx,390
nono_lol,390
apocalypse3_tv,388
gabeygo,372
